    相关度 |    Relevance 
 · 更新提示| · Update available
 个歌单| playlists
 位艺术家| artists
 张专辑| albums
 条结果| results
 次播放| plays
 首| tracks
 首歌曲| tracks
0 px 为清晰；自动封面默认随窗口大小适配。|0 px is sharp. Album artwork blur scales with the window by default.
Cookie 只交给后端凭据服务验证与保存。|Cookies are verified and saved by the credential service.
Cookie 只会通过专用接口交给后端验证和安全保存，不会写入普通设置或界面日志。|Cookies are verified and stored securely, outside preferences and interface logs.
Esc 取消；点击右侧 × 清空绑定|Esc to cancel; click × to clear the shortcut
QQ 音乐|QQ Music
The Beach Boys · 13 首歌曲|The Beach Boys · 13 tracks
‹  返回播放器|‹  Back to player
一轮播放后重新随机；关闭则保留本轮随机顺序。|Reshuffle after each cycle. Turn off to keep the current shuffle order.
上一首|Previous
下一首|Next
下一首播放|Play next
下载|Downloads
下载中|Downloading
下载失败|Download failed
下载或复制完成后，自动将已添加目录中的新音乐加入资料库。|Automatically import new music after downloads or copies finish in watched folders.
下载歌单|Download playlist
下载歌曲|Download track
下载目录|Download folder
下载管理|Download manager
不会删除内嵌封面。|Embedded artwork is preserved.
不会包含账号凭据和完整日志。|Excludes credentials and full logs.
不删除 Queue、音乐文件或远端歌单。|Keeps the queue, music files and remote playlists.
不删除音乐文件和监控目录。|Keeps music files and watched folders.
不包含账号凭据、缓存、队列和播放位置。|Excludes credentials, caches, queue and playback position.
不影响浮岛进度条。|Does not affect the mini player's progress bar.
不透明度|Opacity
专辑|Albums
专辑名|Album title
专辑艺术家|Album artist
专辑页样式|Album layout
中搜索|Search in
中文转换|Chinese conversion
主歌词 16–48 px，翻译按比例缩放。|Main lyrics: 16–48 px. Translations scale proportionally.
仅 ListenFree 获得焦点时生效。|Active when ListenFree has focus.
仅作用于选定的非默认设备。|Applies to the selected non-default device.
仅侧栏背景透出桌面，其余区域保持不透明。|Let the desktop show through the application background.
仅合并索引，保留文件|Merge index only; keep files
仅在恢复的队列中存在可播放歌曲时生效。|Requires playable tracks in the restored queue.
仅影响下次启动。|Takes effect on the next launch.
仅歌曲名|Title only
仅退出应用时生效。|Applies when quitting the application.
从你的本地音乐随机播放，重新发现熟悉的旋律|Rediscover familiar melodies from your local library
从我的歌单移除|Remove from My Playlists
从磁盘删除|Delete from disk
从磁盘删除歌曲|Delete track from disk
从资料库移除|Remove from library
从队列移除|Remove from queue
任务栏显示播放进度|Show progress on taskbar
优先请求所选音质；当前音源不支持时使用可用音质。|Prefer the selected quality and fall back to a quality supported by the source.
优雅|Elegant
位深|Bit depth
作曲|Composer
使用系统浏览器打开 GitHub Releases。|Open GitHub Releases in your browser.
保存|Save
保存独立歌词文件|Save separate lyrics file
保留可用的逐字时间数据。|Keep available word timing data.
修改只影响后续调度。|Applies to subsequently scheduled downloads.
修改时间|Modified
偏上|Upper
偏下|Lower
允许更新弹窗|Allow update notifications
先按大小和完整哈希执行只读分析。|Analyze file sizes and full content hashes before making changes.
全局快捷键|Global shortcuts
全部暂停|Pause all
关于|About
关闭|Off
关闭后不会向 Windows 注册组合键。|Disable global shortcut registration in Windows.
关闭后组件立即切换；开启后可选择动效节奏。|Turn off for instant transitions; turn on to choose a motion style.
关闭后隐藏托盘图标。|Hide the tray icon when disabled.
关闭按钮行为|Close button action
关闭时不接受新任务，现有任务继续完成。|When disabled, existing tasks finish but new downloads are not accepted.
关闭时询问|Ask before closing
关闭界面动画后自动禁用。|Disabled automatically when interface animations are off.
其他|Other
内容受上方歌词内容选项控制。|Uses the lyric content options above.
写入可用的专辑标签。|Embed the available album tag.
写入可用的原文歌词。|Save available original lyrics.
写入可用的艺术家标签。|Embed the available artist tag.
写入标签与歌词|Write tags and lyrics
分组的默认绑定？另一分组不受影响。| shortcuts to their defaults? The other group is preserved.
列表循环|Repeat all
创建歌单，收藏喜欢的音乐|Create a playlist for your favorite music
创建路径|Create folders
删除|Delete
删除下载文件|Delete downloaded file
别名|Aliases
刷新|Refresh
刷新网络歌单|Refresh online playlists
功能尚未接入|Feature unavailable
加入队尾|Add to queue
加入到队列|Add to queue
加载更多评论|Load more comments
动态封面|Animated artwork
动态流转|Flowing artwork
动态流转为可选的弱氛围；全局背景保持静止。|Optional subtle motion for Now Playing; the application background stays still.
包含本机路径|Include device paths
包含音乐目录和下载目录。|Include library and download folders.
匹配封面|Find artwork
匹配结果|Matches
匿名用户|Anonymous
单击录入组合键，可清空。|Click to record a shortcut, or clear the binding.
单曲循环|Repeat one
卡拉 OK 高亮|Karaoke highlighting
原名|Original names
原文|Original
发现|Discover
发现音乐|Discover music
取消|Cancel
取消处理|Cancel operation
只影响主窗口首次获得焦点时。|Applies when the main window first receives focus.
只影响独立歌词文件。|Applies to separate lyrics files.
只改变网易云、酷我等来源显示文字。|Changes the display names of music providers.
只检查 GitHub Releases，不自动下载。|Check GitHub Releases without downloading updates automatically.
只记住浏览位置，不记住查询。|Remember browsing positions; search queries are not saved.
只调整缩放和字重。|Adjusts scale and font weight.
只转换显示文本，不改写标签。|Converts displayed text without changing file tags.
只重置全局快捷键分组。|Reset global shortcuts only.
只重置所选分类，不影响音乐文件。|Reset the selected categories while preserving music files.
右对齐|Right aligned
合并|Merge
合并重复歌曲|Merge duplicate tracks
同一时间最多选择一个音源，切换请进入音源管理。|One source can be active at a time. Switch in Source Manager.
同名文件处理|Existing files
同时下载数|Concurrent downloads
启动与队列|Startup and queue
启动后自动播放|Play on launch
启动时全屏|Launch in full screen
启动时聚焦搜索|Focus search on launch
启用下载|Enable downloads
启用全局快捷键|Enable global shortcuts
启用应用内快捷键|Enable application shortcuts
咪咕|Migu
哔哩哔哩|Bilibili
图片 (*.jpg *.jpeg *.png *.webp *.bmp)|Images (*.jpg *.jpeg *.png *.webp *.bmp)
在|In
在 Apple Music 查看艺术家|View artist on Apple Music
在线功能将在后续阶段接入|Online features will be added later
在线导入|Import from URL
在线播放音质|Streaming quality
在资源管理器中显示|Show in Explorer
基本|General
基本信息|Basic information
填入   |Use   
填入所选字段|Fill selected fields
声道|Channels
备份与恢复|Backup & Restore
备注|Comment
复制|Copy
复制诊断信息|Copy diagnostics
外观|Appearance
外观模式|Color scheme
外观模式与窗口|Appearance and window
失败|Failed
字体|Font
字体大小  |Font size  
字段|Field
完成|Done
完整内容一致的文件才会列入结果。删除操作将重复文件移入回收站。|Results include byte-identical files only. Deletion moves duplicates to the Recycle Bin.
定位当前歌曲|Locate current track
导入|Import
导入 ListenFree 设置|Import ListenFree settings
导入洛雪音源|Import LX Music sources
导入时忽略或创建缺失目录。|Ignore device paths or create missing folders on import.
导入设置|Import settings
导入音源|Import source
导出|Export
导出 ListenFree 设置|Export ListenFree settings
导出、导入或恢复公开设置。|Export, import or reset public preferences.
导出与导入|Export and import
导出设置|Export settings
封面|Artwork
封面与界面资源缓存|Artwork and interface cache
将此音频移入回收站，并移除下载记录。|Move this audio file to the Recycle Bin and remove its download record.
小枸|Gou
小秋|Qiu
小芸|Yun
小蜗|Wo
小蜜|Mi
尝试其他音源|Try alternate sources
居中|Center
居右|Right
居左|Left
属性|Properties
嵌入音频文件|Embed in audio file
左对齐|Left aligned
已加入并开始扫描|Folder added; scan started
已取消|Canceled
已完成|Completed
已导入 |Imported 
已就绪|Ready
已暂停|Paused
已移除目录及其索引|Folder and its index removed
已经加入监控和扫描的文件夹。|Folders watched and scanned for music.
年份|Year
年份、曲号等其他字段保持原值。填入后可继续编辑，点击「保存」才会写入文件。|Other fields such as year and track number are preserved. You can edit the result before saving it to the file.
应用于主界面，不影响播放详情背景。|Applies to the main interface. Now Playing uses its own background.
应用信息|Application information
应用内|Application
应用内快捷键|Application shortcuts
应用动画|Interface animations
应用并保存|Apply and save
开源许可|Open source licenses
弹性滚动|Spring scrolling
强调当前歌词|Emphasize current line
当前   |Current   
当前一次只能启用一个音源；导入、移除与更新检测由后端接口完成。|One source can be active at a time. Import, removal and update checks are handled by the source service.
当前封面|Current artwork
当前平台的歌单中没有找到“|No playlists on this platform match “
当前歌词 · 可直接编辑|Current lyrics · Editable
当前歌词位置|Current line position
当前行位置|Active line position
当前行在歌词视口中的锚点。|The active line's anchor in the lyrics viewport.
当前账号：|Account: 
当前资料库中的可搜索歌曲。|Searchable tracks in your library.
当前音源  ·  |Active source  ·  
当前音源未提供这些歌曲的可用下载规格。请在设置中选择支持对应平台的音源。|The active source has no download qualities for these tracks. Select a source that supports this provider in Settings.
快捷键|Shortcuts
忽略|Ignore
性能降级时使用透明度替代。|Use opacity instead when rendering performance is limited.
恢复|Restore
恢复播放位置|Restore playback position
恢复队列、当前歌曲和进度。|Restore the queue, current track and playback position.
恢复默认|Reset defaults
恢复默认快捷键|Reset shortcuts
恢复默认设置|Reset settings
我的歌单|My Playlists
打开|Open
打开下载页面|Open download page
打开歌单|Open playlist
托盘关闭时不可用。|Unavailable when the tray icon is disabled.
托盘关闭时只能退出应用。|Closing quits the application when the tray icon is disabled.
托盘图标样式|Tray icon style
扫描|Scan
扫描失败：|Scan failed: 
扫描所有已配置目录，也会重新加入仅从资料库移除的歌曲。|Scan all configured folders, including songs previously removed from the library only.
按添加时间排序 · 清空记录保留文件|Sorted by date added · Clearing records keeps files
换一个关键词，或切换平台和分类。|Try another search term, provider or category.
排行榜|Charts
提示|Notice
提高音量|Volume up
搜索|Search
搜索与列表|Search and lists
搜索全部歌词来源 · 按歌曲、艺术家、专辑与时长的匹配度排序|Search all lyric sources · Ranked by title, artist, album and duration
搜索历史|Search history
搜索基本信息|Find metadata
搜索结果|Search results
播完停止|Stop after current
播完当前停止|Stop after current
播放|Playback
播放/暂停|Play / Pause
播放全部|Play all
播放时防止系统休眠|Prevent sleep during playback
播放详情与应用背景|Now Playing and app background
播放详情使用动态封面；不可用时显示静态封面。|Use animated artwork in Now Playing, with a static fallback.
播放详情背景样式|Now Playing background
播放错误时自动跳过|Skip playback errors
切换到当前列表|Switch to current list
播放队列|Play queue
播放队列为空|The queue is empty
操作接口已预留|This action is not available yet
收藏|Favorite
收藏 / 取消收藏|Add / Remove favorite
收藏歌单|Save playlist
数值|Value
文件保存|File saving
文件信息|File information
文件命名|File naming
文件大小|File size
文件路径|File path
新建歌单|New playlist
新歌单名称|New playlist name
新鲜灵感，熟悉的旋律。|Fresh inspiration. Familiar melodies.
无|None
无损 FLAC|Lossless FLAC
无罗马音数据时自动跳过。|Skip romanization when unavailable.
无罗马音时不显示空行。|Hide romanization lines when unavailable.
无翻译数据时自动跳过。|Skip translations when unavailable.
无翻译时不显示空行。|Hide translation lines when unavailable.
无逐字数据时自动回退逐行显示。|Use line-by-line lyrics when word timing is unavailable.
时长|Duration
明快|Bright
显示罗马音|Show romanization
显示翻译|Show translations
显示设置|Display settings
显示设置 动效节奏 动画风格 优雅 明快|Display settings Motion rhythm Animation style Elegant Bright
显示设置 应用动画 关闭后组件立即切换 开启动效|Display settings Interface animations Instant transitions Enable motion
显示设置 界面刷新率上限 限制界面动画和歌词滚动的最高刷新率 不修改显示器设置 60 90 120 Hz|Display settings Frame rate limit Interface animations Lyric scrolling Display unchanged 60 90 120 Hz
暂停和停止时释放系统请求。|Allow sleep when playback is paused or stopped.
暂无下载任务|No downloads yet
暂无可用歌词，试试调整关键词|No lyrics found. Try adjusting the search terms.
暂无歌词|No lyrics available
暂无评论|No comments yet
更新网络歌单|Update online playlists
最小化到托盘|Minimize to tray
最新|Latest
最热|Popular
最近一次资料库任务状态。|Status of the most recent library task.
未命名歌单|Untitled playlist
未填写|Not entered
未找到相关歌曲|No matching tracks
未提供专辑|Album unavailable
未提供艺术家|Artist unavailable
未知|Unknown
未知专辑|Unknown album
未知歌曲|Unknown track
未知艺术家|Unknown artist
未设置|Not set
本地专辑可使用轮转或方形网格；搜索专辑默认使用网格。|Choose a cover flow or square grid for local albums. Album search uses a grid.
本地导入|Import file
本机路径处理|Device path handling
来源名称|Provider names
来源显示|Provider display
来源未提供 · 保留当前值|Not provided · Keep current value
构建于 Qt 6.11.2。|Built with Qt 6.11.2.
查找歌曲版本，预览后填入|Find a matching release, preview it, then fill in the fields
查看|View
查看版本、诊断信息和开源许可。|View version information, diagnostics and licenses.
查看社区原稿|View community source
查看项目与第三方依赖许可证。|View licenses for this application and its dependencies.
标准 128k|Standard 128k
格式|Format
格式不支持时自动跳过。|Skip when the format does not support it.
检查|Check
检查软件更新|Check for updates
模糊背景|Blurred artwork
模糊非当前歌词|Blur inactive lines
歌单|Playlists
歌单名称|Playlist name
歌曲|Tracks
歌曲 / 艺术家|Track / Artist
歌曲名|Track title
歌曲名 - 艺术家|Title - Artist
歌曲名 / 艺术家 / 专辑|Track / Artist / Album
歌曲标题 / 艺术家|Track title / Artist
歌曲播放行为|Song play action
双击歌曲或点击播放时，决定如何使用所在列表。|Choose how playing a song uses its current list.
歌词|Lyrics
歌词匹配|Find lyrics
歌词字号|Lyric font size
歌词对齐|Lyric alignment
歌词对齐方式|Lyric alignment
歌词文件|Lyrics files
歌词显示|Lyric display
歌词编码|Lyric encoding
歌词预览|Lyric preview
正在加载 · |Loading · 
正在取消扫描…|Canceling scan…
正在处理，请稍候…|Processing, please wait…
正在扫描音乐目录…|Scanning music folders…
每日推荐|Daily recommendations
比特率|Bitrate
沉浸播放|Immersive playback
沉浸播放模式正在开发中|Immersive playback is in development
没有找到“|No results for “
流派|Genre
浅色|Light
浮岛运行时选择会同步覆盖此值。|Changes in the mini player also update this preference.
深色|Dark
添加|Add
添加到歌单|Add to playlist
添加音乐目录|Add music folder
清理|Clean up
清空|Clear
清空列表|Clear list
清空我的歌单|Clear My Playlists
清空记录|Clear records
清空资料库索引|Clear library index
热门搜索 · 网易云|Popular searches · NetEase
电台|Radio
界面刷新率上限|Frame rate limit
登录|Log in
登录 Windows 后启动 ListenFree。|Start ListenFree when you sign in to Windows.
登录哔哩哔哩。|Log in to Bilibili.
登录时启动|Launch at login
目录不存在或删除失败|Folder not found or removal failed
目录无效、重复或与现有目录重叠|The folder is invalid, already added or overlaps a watched folder
知道了|Got it
确认|Confirm
确认应用|Apply changes
移入回收站并合并|Move to Recycle Bin and merge
移除|Remove
移除后停止监控此目录，并从资料库索引中删除其歌曲。|Stop watching this folder and remove its tracks from the library index.
稍后|Later
窗口透明效果|Window transparency
立即切换界面文字，不改变技术键。|Switch interface language immediately; technical keys stay the same.
立即播放|Play now
等待下载|Queued
简体中文|简体中文
管理下载文件、并发任务与歌词。|Manage downloaded files, concurrency and lyrics.
管理应用内和全局快捷键。|Manage application and global shortcuts.
管理本地音乐目录、索引和重复歌曲。|Manage music folders, the library index and duplicates.
管理窗口、列表、缓存和危险操作。|Manage window behavior, lists, caches and data cleanup.
管理网易云音乐与哔哩哔哩的 Cookie 登录状态。|Manage Cookie login for NetEase Cloud Music and Bilibili.
粘贴 Cookie|Paste Cookie
系统托盘|System tray
系统默认|System default
索引状态|Index status
红|Red
纯色|Solid color
继续|Continue
绿|Green
缓存与索引|Caches and index
编辑信息|Edit information
网易云|NetEase
网易云音乐|NetEase Cloud Music
网格|Grid
罗马音|Romanization
罗马音优先|Romanization first
翻译|Translation
翻译优先|Translation first
翻译和罗马音都开启时可选。|Available when both translation and romanization are enabled.
聚焦搜索|Focus search
背景图片|Background image
背景模糊度|Background blur
背景类型|Background type
背景颜色|Background color
自动|Auto
自动封面|Album artwork
自动监听音乐目录|Watch music folders
自动重命名|Rename automatically
自选图片|Custom image
自选颜色|Custom color
色板|Palette
艺术家|Artists
艺术家 - 歌曲名|Artist - Title
获取音源|Resolving source
蓝|Blue
覆盖|Overwrite
覆盖前仍会验证目标是普通文件。|Verify that the target is a regular file before overwriting.
解析失败时依次尝试已导入的其他音源，不切换当前播放音源。|Try other imported sources on failure without changing the active playback source.
记住列表位置|Remember list positions
设备断开时暂停|Pause when device disconnects
设备消失时回退到系统默认。|Fall back to the system default if the device is unavailable.
设置|Settings
设置 Now Playing 中的歌词行对齐。|Set lyric alignment in Now Playing.
设置启动队列、音频输出与切歌行为。|Configure queue restoration, audio output and track playback.
评论|Comments
语言|Language
语言、字体、启动、应用动画和界面刷新率。|Language, font, startup, animations and frame rate.
语言与启动|Language and startup
请至少选择一个分类。|Select at least one category.
请输入 Cookie|Enter Cookie
请选择左侧结果|Select a result on the left
调整界面动效、播放详情和歌词显示。|Adjust motion, Now Playing and lyrics.
豊崎愛生|豊崎愛生
豊崎愛生 · 12 首歌曲|豊崎愛生 · 12 tracks
账号|Accounts
资料库|Library
资料库概览|Library overview
资料库电台|Library radio
跟随系统|System
跟随系统、浅色或深色。|Use system, light or dark appearance.
跳过|Skip
转简体|Simplified
转繁体|Traditional
轮转|Cover flow
辅助歌词顺序|Secondary lyric order
输出设备|Output device
返回|Back
这一阶段支持本地资料库和自定义音源混合播放。当前操作将在后续阶段接入。|Local and custom-source playback are available. This action will be added in a later stage.
这会把对应音频文件移入 Windows 回收站。此操作不会直接永久擦除文件，但仍建议先确认歌曲与路径。|Move this audio file to the Windows Recycle Bin. Check the track and path before continuing.
进入歌单|Open playlist
连续五首失败后停止并汇总错误。|Stop and report errors after five consecutive failures.
退出应用|Quit application
选择|Choose
选择一个文件夹并递归扫描子目录。|Choose a folder and scan its subfolders recursively.
选择下载规格|Choose download quality
选择保存位置|Choose save location
选择候选，预览歌词|Select a match to preview lyrics
选择分类|Select category
选择喜欢的颜色。|Choose your preferred color.
选择图片|Choose image
选择左侧结果，查看原文与译文|Select a result on the left to view lyrics and translations
选择本机安装的字体，立即应用。|Choose an installed font and apply it immediately.
选择来源，粘贴歌单分享链接|Choose a provider and paste a playlist share link
选择歌单，或输入名称新建|Choose a playlist or enter a name to create one
选择歌曲版本，逐项预览后填入编辑器|Choose a release, review each field, then fill the editor
选择用于保存在线歌曲的文件夹。|Choose a folder for downloaded music.
选择背景图片|Choose background image
选择要填入的字段|Choose fields to fill
选择设置分类。账号凭据、音乐文件、歌单和播放队列不在此操作范围内。|Choose preference categories. Credentials, music files, playlists and the play queue are excluded.
选择音乐目录|Choose music folder
选择颜色|Choose color
逐字|Word timing
逐字信息|Word timing data
逐字时间存在时生效。|Requires word timing data.
逐字歌词|Word-by-word lyrics
遮罩透明度|Overlay opacity
酷我|Kuwo
酷我音乐|Kuwo Music
酷狗|Kugou
采样率|Sample rate
重命名|Rename
重复歌曲分析|Duplicate analysis
重新扫描资料库|Rescan library
重置|Reset
重置前将使用统一确认弹窗。|A confirmation is required before resetting.
降低音量|Volume down
限制界面动画和歌词滚动的最高刷新率，不修改显示器设置。|Limit interface animation and lyric scrolling frame rates without changing display settings.
随机播放|Shuffle
随机播放后清理历史|Clear shuffle history after each cycle
非法文件名字符将自动替换。|Invalid filename characters are replaced automatically.
音乐目录|Music folders
音效调节|Equalizer
音源|Sources
音源管理|Source Manager
音源选择与管理|Source selection and management
音源选择与管理 当前音源 同一时间最多选择一个音源 切换请进入音源管理 |Source selection Management Active source One source at a time Switch in Source Manager 
音质与播放错误|Quality and playback errors
音频输出|Audio output
预览后再应用有效设置。|Preview the backup before applying valid settings.
颜色|Color
额外生成 LRC，内嵌歌词仍会写入。|Create an additional LRC file while still embedding lyrics.
高品质 320k|High quality 320k
黑色遮罩的不透明度，0% 完全透明。|Black overlay opacity. 0% is fully transparent.
默认|Default
默认 Ctrl+Alt+Down，可清空。|Default: Ctrl+Alt+Down. Can be cleared.
默认 Ctrl+Alt+F5，可清空。|Default: Ctrl+Alt+F5. Can be cleared.
默认 Ctrl+Alt+Left，可清空。|Default: Ctrl+Alt+Left. Can be cleared.
默认 Ctrl+Alt+Right，可清空。|Default: Ctrl+Alt+Right. Can be cleared.
默认 Ctrl+Alt+Up，可清空。|Default: Ctrl+Alt+Up. Can be cleared.
默认使用细颗粒渐变，也可选择本地图片。|Use the subtle grain gradient or choose a local image.
默认播放模式|Default playback mode
\n保存后嵌入音频|\nEmbedded in audio when saved
 声道| channels
下载专辑|Download album
从歌单移除|Remove from playlist
使用此歌词|Use these lyrics
全局|Global
刷新中…|Refreshing…
取消收藏|Remove favorite
在线歌曲|Online track
扫描中|Scanning
按当前音源声明的能力提供选项，具体歌曲以解析结果为准。|Options reflect the source's capabilities. Availability depends on the track.
搜索中…|Searching…
收藏专辑|Save album
本地歌曲无需下载|Local tracks are already on this device
查看更新|View update
正在加载…|Loading…
正在加载歌单…|Loading playlist…
正在加载评论…|Loading comments…
正在搜索…|Searching…
正在搜索并验证歌词…|Finding and verifying lyrics…
正在读取歌词…|Reading lyrics…
此项与刚录入的快捷键冲突|Conflicts with the shortcut you just entered
没有匹配的歌单|No matching playlists
没有匹配的设置|No matching settings
登出|Log out
登录网易云音乐。|Log in to NetEase Cloud Music.
网易云评论|NetEase comments
试试其他关键词，或清空搜索以显示全部设置。|Try another term or clear the search to show all settings.
请按下你要设置的按键|Press your shortcut keys
重命名歌单|Rename playlist
音乐|Music
Cookie 格式无效或过长，请粘贴请求头中的完整 Cookie。|Invalid or oversized Cookie. Paste the complete Cookie request header.
无法保存 Windows 凭据，登录未完成。|Could not save Windows credentials. Login was not completed.
Cookie 已失效或无法获取账号资料，请重新登录。|The Cookie has expired or account details are unavailable. Please log in again.
账号验证请求失败，请检查网络后重试。|Account verification failed. Check your connection and try again.
账号已登录。|Logged in.
无法删除本地凭据，请重试。|Could not remove local credentials. Please try again.
已登出并删除本地凭据。|Logged out and removed local credentials.
诊断信息已复制。|Diagnostics copied.
无法打开下载页面。|Could not open the download page.
发布页尚无可访问的公开版本，可在下载页面查看。|No public release is accessible. Open the download page for details.
检查更新失败，请稍后重试。|Update check failed. Please try again later.
发布信息中没有有效版本号。|The release does not contain a valid version number.
发现新版本 %1，请打开下载页面查看。 |Version %1 is available. Open the download page for details.
当前已是最新公开版本。|You have the latest public version.
未找到随包许可证文件，请检查安装目录中的 licenses 文件夹。|License files were not found. Check the licenses folder in the application directory.
已合并 %1 个文件。\n%2|Merged %1 files.\n%2
\n已取消，已完成的处理保留。|\nCanceled. Completed operations are kept.
分析已取消。|Analysis canceled.
保留：%1|Keep: %1
重复：%1|Duplicate: %1
发现 %1 组、%2 个重复文件，可释放 %3 MiB。\n|Found %1 groups and %2 duplicates. %3 MiB can be reclaimed.\n
\n受影响的队列和歌单引用：%1|\nAffected queue and playlist references: %1
跳过无法读取或已变化的文件：%1|Skipped an unreadable or changed file: %1
请先结束资料库扫描，再检查重复文件。|Finish the library scan before analyzing duplicates.
正在按大小和完整哈希分析…|Analyzing file sizes and full content hashes…
无法打开资料库。|Could not open the library.
请先结束资料库扫描。|Finish the library scan first.
正在验证并合并重复文件…|Verifying and merging duplicate files…
文件已变化，跳过：%1|File changed; skipped: %1
无法移入回收站，保留索引：%1|Could not move to the Recycle Bin; index retained: %1
索引合并失败：%1|Index merge failed: %1
设置导出失败，请检查目标目录权限。|Settings export failed. Check destination permissions.
设置已导出。|Settings exported.
无法读取设置备份。|Could not read the settings backup.
不是受支持的 ListenFree 设置备份，未修改任何设置。|This is not a supported ListenFree settings backup. No settings were changed.
备份包含无效设置，未修改任何设置：%1|The backup contains an invalid setting. Nothing was changed: %1
备份中的本机路径无效。|The backup contains an invalid device path.
备份中的音乐目录无效。|The backup contains an invalid music folder.
音乐目录：%1|Music folder: %1
可导入 %1 项设置；忽略 %2 项。确认后应用所选分类。\n|%1 settings can be imported; %2 were ignored. Confirm to apply the selected categories.\n
无法创建音乐目录：%1|Could not create music folder: %1
无法创建下载目录。|Could not create the download folder.
设置保存失败，原设置保持不变。|Could not save settings. Original preferences were preserved.
设置已应用。|Settings applied.
资料库维护正在进行，请稍后扫描。|Library maintenance is running. Try scanning later.
请先结束资料库扫描或重复歌曲处理。|Wait for the library scan or duplicate processing to finish.
显示 ListenFree|Show ListenFree
播放 / 暂停|Play / Pause
退出|Quit
无法更新登录启动项|Could not update launch at sign-in.
退出 ListenFree|Quit ListenFree
确定退出播放器？|Quit the player?
随机播放历史已清空|Shuffle history cleared.
清空歌单|Clear playlists
删除所有保存的歌单？不会删除音乐文件。|Delete all saved playlists? Music files will be kept.
清空索引|Clear library index
清空本地歌曲索引？目录配置和音频文件保留，可重新扫描恢复。|Clear the local library index? Folders and audio files will be kept. Scan again to rebuild the index.
资料库索引已清空|Library index cleared.
已清理未使用的界面资源缓存|Unused interface resources cleared.
播放器样式|Player style
经典|Classic
满溢|Overflow
经典保留方形封面；满溢将封面铺满左侧，底边悬停显示控件。|Classic keeps square artwork; Overflow fills the left side and reveals controls when hovering along the bottom.
适用于经典播放器；满溢自动使用封面模糊背景。|Applies to Classic; Overflow automatically uses blurred artwork.
智能过渡|Smart transitions
分析近静音尾部并平滑衔接；连续专辑、直播及不兼容格式保留普通播放。|Analyze near-silent tails and blend tracks; preserve continuous albums, live streams and incompatible formats.
混音|Mixing
收藏到“我的收藏”|Save to My Favorites
新建歌单…|New playlist…
新建收藏歌单|Create favorites playlist
输入名称，将当前歌曲收藏到新歌单|Name a new playlist to save this track.
新建并收藏|Create and save
